,bin,subfield_name,first_author,author_corresponding,counts,work_citedby
0,0,Accounting,10,4,28,1775
1,0,Aging,3,3,14,1007
2,0,Agronomy and Crop Science,0,0,5,286
3,0,Anatomy,1,1,1,71
4,0,Anesthesiology and Pain Medicine,3,1,12,370
5,0,Animal Science and Zoology,0,0,2,16
6,0,Anthropology,4,4,4,2
7,0,Applied Mathematics,2,1,2,15
8,0,Applied Microbiology and Biotechnology,2,3,4,403
9,0,Applied Psychology,0,0,4,220
10,0,Archeology,1,1,1,0
11,0,Architecture,1,1,1,12
12,0,Artificial Intelligence,4,2,7,147
13,0,Astronomy and Astrophysics,2,1,6,25
14,0,Atmospheric Science,0,1,4,168
15,0,"Atomic and Molecular Physics, and Optics",10,4,53,4013
16,0,Automotive Engineering,1,2,4,426
17,0,Behavioral Neuroscience,18,8,51,10335
18,0,Biochemistry,7,2,50,4316
19,0,Biological Psychiatry,6,2,13,2391
20,0,Biomaterials,1,1,15,1572
21,0,Biomedical Engineering,14,11,36,1561
22,0,Biophysics,1,1,1,3
23,0,Biotechnology,1,3,9,685
24,0,Building and Construction,2,0,2,6
25,0,Business and International Management,1,1,1,61
26,0,Cancer Research,7,8,47,3244
27,0,Cardiology and Cardiovascular Medicine,41,13,185,9565
28,0,Catalysis,1,0,3,120
29,0,Cell Biology,17,7,55,5693
30,0,Cellular and Molecular Neuroscience,34,26,153,12631
31,0,Chemical Health and Safety,0,0,1,1
32,0,Civil and Structural Engineering,0,0,1,0
33,0,Clinical Biochemistry,4,3,17,957
34,0,Clinical Psychology,38,10,88,13092
35,0,Cognitive Neuroscience,35,20,68,4844
36,0,Communication,0,0,1,73
37,0,Complementary and alternative medicine,0,0,5,170
38,0,Computational Mechanics,2,1,6,58
39,0,Computational Theory and Mathematics,6,2,16,144
40,0,Computer Networks and Communications,11,7,41,879
41,0,Computer Vision and Pattern Recognition,4,0,5,248
42,0,Condensed Matter Physics,13,9,14,302
43,0,Critical Care and Intensive Care Medicine,3,2,5,73
44,0,Cultural Studies,5,4,5,281
45,0,Dermatology,8,6,16,659
46,0,Developmental Biology,1,1,3,46
47,0,Developmental Neuroscience,6,0,24,1843
48,0,Developmental and Educational Psychology,10,4,22,5466
49,0,Discrete Mathematics and Combinatorics,6,5,20,719
50,0,Earth-Surface Processes,0,0,1,56
51,0,Ecology,13,10,26,1259
52,0,"Ecology, Evolution, Behavior and Systematics",0,1,3,62
53,0,Economics and Econometrics,51,29,106,4029
54,0,Education,7,3,11,1470
55,0,Electrical and Electronic Engineering,6,0,22,575
56,0,Electrochemistry,0,0,5,363
57,0,"Electronic, Optical and Magnetic Materials",0,0,6,678
58,0,Emergency Medical Services,4,3,11,149
59,0,Emergency Medicine,13,7,33,880
60,0,Endocrine and Autonomic Systems,7,4,39,2737
61,0,Endocrinology,3,2,17,1274
62,0,"Endocrinology, Diabetes and Metabolism",26,14,75,6363
63,0,Environmental Chemistry,0,0,3,185
64,0,Environmental Engineering,1,2,2,0
65,0,Epidemiology,63,37,229,23202
66,0,Experimental and Cognitive Psychology,15,9,33,3202
67,0,Finance,20,8,38,3676
68,0,Fluid Flow and Transfer Processes,0,0,1,188
69,0,Food Science,3,2,12,1531
70,0,Gastroenterology,7,4,16,442
71,0,Gender Studies,11,8,16,458
72,0,General Decision Sciences,4,2,6,55
73,0,"General Economics, Econometrics and Finance",7,6,21,811
74,0,General Health Professions,51,27,117,10466
75,0,General Psychology,3,2,4,68
76,0,Genetics,49,17,170,13273
77,0,"Geography, Planning and Development",2,1,2,11
78,0,Geometry and Topology,2,1,3,251
79,0,Geriatrics and Gerontology,2,0,7,32
80,0,Global and Planetary Change,2,1,5,3619
81,0,Hardware and Architecture,0,0,1,1
82,0,Health,12,8,36,1036
83,0,"Health, Toxicology and Mutagenesis",15,15,42,3721
84,0,Hematology,40,20,140,6975
85,0,Hepatology,3,1,40,3584
86,0,History,6,5,6,72
87,0,History and Philosophy of Science,2,2,2,3
88,0,Immunology,45,23,215,28852
89,0,Immunology and Allergy,3,3,26,2264
90,0,Infectious Diseases,16,14,103,7850
91,0,Information Systems,1,1,2,27
92,0,Information Systems and Management,3,1,4,31
93,0,Inorganic Chemistry,5,4,17,583
94,0,Insect Science,1,0,2,15
95,0,Internal Medicine,1,1,3,118
96,0,"Issues, ethics and legal aspects",3,1,4,131
97,0,Law,9,7,9,66
98,0,Linguistics and Language,1,0,1,1
99,0,Literature and Literary Theory,1,1,1,2
100,0,Management Information Systems,3,1,3,918
101,0,Management Science and Operations Research,7,5,8,730
102,0,Management of Technology and Innovation,11,9,16,191
103,0,"Management, Monitoring, Policy and Law",1,1,1,0
104,0,Marketing,5,2,10,705
105,0,Materials Chemistry,11,12,85,9135
106,0,Mathematical Physics,2,0,2,2
107,0,Mechanics of Materials,2,0,4,43
108,0,Media Technology,2,1,2,61
109,0,Medical Laboratory Technology,0,0,1,0
110,0,Microbiology,2,5,41,3375
111,0,Modeling and Simulation,0,0,1,31
112,0,Molecular Biology,146,96,543,41350
113,0,Molecular Medicine,1,4,7,1787
114,0,Music,5,4,6,378
115,0,Nature and Landscape Conservation,3,2,4,69
116,0,Nephrology,9,5,18,1955
117,0,Neurology,42,24,148,24445
118,0,Numerical Analysis,1,1,1,74
119,0,Nutrition and Dietetics,12,9,50,3835
120,0,Obstetrics and Gynecology,4,2,12,225
121,0,Oceanography,0,0,1,52
122,0,Oncology,31,18,120,8207
123,0,Ophthalmology,15,7,45,1517
124,0,Organic Chemistry,16,6,69,1988
125,0,Organizational Behavior and Human Resource Management,12,5,16,1646
126,0,Orthopedics and Sports Medicine,2,0,4,148
127,0,Otorhinolaryngology,6,2,16,1069
128,0,Paleontology,0,0,1,86
129,0,Parasitology,4,4,7,133
130,0,Pathology and Forensic Medicine,27,7,103,5707
131,0,"Pediatrics, Perinatology and Child Health",50,28,108,11734
132,0,Periodontics,2,1,4,28
133,0,Pharmaceutical Science,3,1,7,120
134,0,Pharmacology,14,10,46,2742
135,0,Pharmacy,5,5,9,741
136,0,Philosophy,7,6,8,57
137,0,"Physical Therapy, Sports Therapy and Rehabilitation",2,0,6,863
138,0,Physical and Theoretical Chemistry,0,0,1,177
139,0,Physiology,31,17,125,18382
140,0,Plant Science,6,6,11,472
141,0,Political Science and International Relations,45,39,58,1670
142,0,Psychiatry and Mental health,20,9,61,4071
143,0,Public Administration,1,1,1,2
144,0,"Public Health, Environmental and Occupational Health",43,19,114,5379
145,0,Pulmonary and Respiratory Medicine,28,14,115,9233
146,0,Radiation,1,0,6,587
147,0,Radiological and Ultrasound Technology,0,0,1,186
148,0,"Radiology, Nuclear Medicine and Imaging",19,9,127,3814
149,0,Rehabilitation,3,2,22,3266
150,0,Religious studies,2,2,2,2
151,0,"Renewable Energy, Sustainability and the Environment",1,0,4,88
152,0,Reproductive Medicine,4,1,11,880
153,0,Rheumatology,13,6,29,1064
154,0,Safety Research,6,4,18,2215
155,0,Sensory Systems,8,0,19,1708
156,0,Signal Processing,1,1,3,9
157,0,Small Animals,3,1,3,28
158,0,Social Psychology,34,21,80,14174
159,0,Sociology and Political Science,46,28,63,2436
160,0,Spectroscopy,4,1,22,4226
161,0,Speech and Hearing,4,1,9,11
162,0,Statistical and Nonlinear Physics,3,0,4,105
163,0,Statistics and Probability,11,5,23,467
164,0,"Statistics, Probability and Uncertainty",3,1,8,368
165,0,Strategy and Management,9,8,13,3543
166,0,Structural Biology,3,2,5,69
167,0,"Surfaces, Coatings and Films",1,1,5,15
168,0,Surgery,71,31,218,11462
169,0,"Tourism, Leisure and Hospitality Management",1,1,1,43
170,0,Toxicology,5,2,13,281
171,0,Transplantation,4,1,29,2509
172,0,Urban Studies,2,2,2,138
173,0,Urology,4,1,14,877
174,0,Virology,19,12,90,6764
175,1,Accounting,19,9,39,2387
176,1,Aerospace Engineering,4,1,4,11
177,1,Aging,11,4,26,844
178,1,Agronomy and Crop Science,1,1,1,2
179,1,Algebra and Number Theory,1,1,1,0
180,1,Analytical Chemistry,0,0,8,326
181,1,Anatomy,1,1,1,0
182,1,Anesthesiology and Pain Medicine,3,2,9,145
183,1,Animal Science and Zoology,3,1,4,67
184,1,Anthropology,10,10,10,60
185,1,Applied Mathematics,9,10,13,222
186,1,Applied Microbiology and Biotechnology,1,1,2,60
187,1,Applied Psychology,3,2,7,62
188,1,Archeology,3,1,3,2
189,1,Artificial Intelligence,13,2,38,1740
190,1,Astronomy and Astrophysics,2,2,3,0
191,1,Atmospheric Science,1,0,8,120
192,1,"Atomic and Molecular Physics, and Optics",12,3,60,2666
193,1,Behavioral Neuroscience,20,12,74,12061
194,1,Biochemistry,13,6,71,4711
195,1,Biological Psychiatry,5,1,33,9902
196,1,Biomaterials,9,3,53,15643
197,1,Biomedical Engineering,19,14,52,2913
198,1,Biophysics,2,1,7,319
199,1,Biotechnology,4,2,23,1472
200,1,Building and Construction,1,1,1,4
201,1,Cancer Research,18,10,88,5513
202,1,Cardiology and Cardiovascular Medicine,82,37,327,15652
203,1,Catalysis,1,0,3,136
204,1,Cell Biology,12,13,96,9317
205,1,Cellular and Molecular Neuroscience,53,23,213,17178
206,1,Chemical Health and Safety,1,0,1,0
207,1,Civil and Structural Engineering,0,0,2,4
208,1,Classics,2,2,2,1
209,1,Clinical Biochemistry,5,6,20,1573
210,1,Clinical Psychology,29,19,122,14713
211,1,Cognitive Neuroscience,36,19,100,12890
212,1,Communication,5,5,10,91
213,1,Complementary and alternative medicine,2,1,6,379
214,1,Computational Mechanics,1,0,3,52
215,1,Computational Theory and Mathematics,10,4,14,142
216,1,Computer Graphics and Computer-Aided Design,1,1,2,0
217,1,Computer Networks and Communications,9,7,30,89
218,1,Computer Vision and Pattern Recognition,4,1,21,410
219,1,Condensed Matter Physics,7,4,8,28
220,1,Control and Systems Engineering,1,1,2,0
221,1,Critical Care and Intensive Care Medicine,9,4,16,789
222,1,Cultural Studies,4,4,5,132
223,1,Demography,0,0,4,229
224,1,Dermatology,5,4,23,898
225,1,Development,1,1,1,0
226,1,Developmental Biology,4,0,7,738
227,1,Developmental Neuroscience,9,10,22,1683
228,1,Developmental and Educational Psychology,20,10,35,3231
229,1,Discrete Mathematics and Combinatorics,14,7,37,1535
230,1,Earth-Surface Processes,1,1,3,41
231,1,Ecology,10,6,15,928
232,1,"Ecology, Evolution, Behavior and Systematics",7,3,9,326
233,1,Economics and Econometrics,79,54,139,4663
234,1,Education,15,8,19,1488
235,1,Electrical and Electronic Engineering,2,1,21,1039
236,1,Electrochemistry,0,0,1,20
237,1,"Electronic, Optical and Magnetic Materials",4,1,11,535
238,1,Emergency Medical Services,8,4,28,569
239,1,Emergency Medicine,22,14,45,1239
240,1,Endocrine and Autonomic Systems,4,4,29,1514
241,1,Endocrinology,7,6,19,805
242,1,"Endocrinology, Diabetes and Metabolism",55,22,149,9009
243,1,Environmental Chemistry,3,0,5,116
244,1,Environmental Engineering,1,0,3,25
245,1,Epidemiology,104,64,467,31691
246,1,Experimental and Cognitive Psychology,22,14,49,5536
247,1,Family Practice,3,2,9,1228
248,1,Finance,23,8,38,3177
249,1,Food Science,1,2,7,123
250,1,Gastroenterology,3,3,8,460
251,1,Gender Studies,10,3,19,513
252,1,General Decision Sciences,6,0,10,719
253,1,General Dentistry,1,1,1,0
254,1,"General Economics, Econometrics and Finance",24,10,39,935
255,1,General Energy,1,1,1,2
256,1,General Health Professions,63,29,170,9583
257,1,General Psychology,1,0,1,0
258,1,General Social Sciences,1,1,1,36
259,1,Genetics,80,43,354,43331
260,1,"Geography, Planning and Development",6,1,6,0
261,1,Geology,1,0,1,0
262,1,Geometry and Topology,3,2,6,36
263,1,Geriatrics and Gerontology,1,1,5,561
264,1,Global and Planetary Change,3,2,7,3866
265,1,Hardware and Architecture,0,0,4,4
266,1,Health,21,13,73,3616
267,1,Health Information Management,6,3,7,109
268,1,"Health, Toxicology and Mutagenesis",14,13,60,6020
269,1,Hematology,72,42,313,9849
270,1,Hepatology,8,6,35,2897
271,1,History,18,17,19,19
272,1,History and Philosophy of Science,2,2,4,675
273,1,Human-Computer Interaction,1,0,2,231
274,1,Immunology,60,35,315,28615
275,1,Immunology and Allergy,4,2,21,719
276,1,Industrial and Manufacturing Engineering,2,2,2,4
277,1,Infectious Diseases,52,30,202,17031
278,1,Information Systems,5,3,21,1506
279,1,Information Systems and Management,4,3,5,28
280,1,Inorganic Chemistry,6,4,19,946
281,1,Insect Science,4,2,4,1
282,1,Internal Medicine,0,0,4,872
283,1,"Issues, ethics and legal aspects",0,0,2,4
284,1,Language and Linguistics,0,0,2,528
285,1,Law,27,25,31,283
286,1,Linguistics and Language,1,0,1,0
287,1,Literature and Literary Theory,5,5,6,46
288,1,Management Information Systems,10,6,19,868
289,1,Management Science and Operations Research,17,11,31,682
290,1,Management of Technology and Innovation,6,6,7,894
291,1,"Management, Monitoring, Policy and Law",4,2,5,1201
292,1,Marketing,9,5,18,413
293,1,Materials Chemistry,17,12,111,12285
294,1,Mathematical Physics,2,1,3,20
295,1,Mechanical Engineering,3,1,4,57
296,1,Mechanics of Materials,1,1,1,1
297,1,Media Technology,2,1,7,71
298,1,Microbiology,19,10,62,4033
299,1,Modeling and Simulation,2,1,10,454
300,1,Molecular Biology,203,120,982,78824
301,1,Molecular Medicine,3,1,15,2611
302,1,Music,2,2,4,300
303,1,Nature and Landscape Conservation,1,1,2,47
304,1,Nephrology,28,15,63,5021
305,1,Neurology,106,59,283,28830
306,1,Nuclear and High Energy Physics,0,0,1,218
307,1,Nutrition and Dietetics,18,11,93,10794
308,1,Obstetrics and Gynecology,7,4,12,534
309,1,Occupational Therapy,1,1,1,1
310,1,Ocean Engineering,1,0,5,146
311,1,Oceanography,1,1,2,3
312,1,Oncology,47,28,226,12503
313,1,Ophthalmology,26,7,82,2958
314,1,Oral Surgery,1,0,6,772
315,1,Organic Chemistry,16,11,85,2731
316,1,Organizational Behavior and Human Resource Management,10,5,15,1573
317,1,Orthopedics and Sports Medicine,2,1,3,13
318,1,Otorhinolaryngology,19,9,43,3882
319,1,Paleontology,1,1,3,202
320,1,Parasitology,1,2,4,133
321,1,Pathology and Forensic Medicine,33,12,170,7964
322,1,"Pediatrics, Perinatology and Child Health",68,30,198,13780
323,1,Pharmaceutical Science,0,0,12,317
324,1,Pharmacology,24,8,70,3354
325,1,Pharmacy,4,3,13,523
326,1,Philosophy,16,14,17,186
327,1,"Physical Therapy, Sports Therapy and Rehabilitation",3,1,9,772
328,1,Physical and Theoretical Chemistry,3,2,11,156
329,1,Physiology,53,24,210,10747
330,1,Plant Science,5,6,29,2201
331,1,Political Science and International Relations,87,63,111,4094
332,1,Pollution,1,1,3,586
333,1,Polymers and Plastics,0,0,3,197
334,1,Psychiatry and Mental health,34,20,138,7240
335,1,Public Administration,5,0,5,0
336,1,"Public Health, Environmental and Occupational Health",72,32,221,12785
337,1,Pulmonary and Respiratory Medicine,66,25,223,17677
338,1,Radiation,10,0,44,467
339,1,Radiological and Ultrasound Technology,2,3,5,79
340,1,"Radiology, Nuclear Medicine and Imaging",57,26,296,13465
341,1,Rehabilitation,12,3,53,5788
342,1,Religious studies,16,16,16,48
343,1,"Renewable Energy, Sustainability and the Environment",1,0,7,634
344,1,Reproductive Medicine,5,3,19,1182
345,1,Rheumatology,16,8,60,2185
346,1,Safety Research,7,2,23,1400
347,1,"Safety, Risk, Reliability and Quality",0,0,1,26
348,1,Sensory Systems,6,5,25,1638
349,1,Signal Processing,1,1,2,11
350,1,Social Psychology,41,23,102,14536
351,1,Sociology and Political Science,72,46,116,9511
352,1,Space and Planetary Science,1,1,1,0
353,1,Spectroscopy,4,1,29,1050
354,1,Speech and Hearing,3,2,8,238
355,1,Statistical and Nonlinear Physics,2,0,8,123
356,1,Statistics and Probability,23,8,49,1905
357,1,"Statistics, Probability and Uncertainty",7,6,11,445
358,1,Strategy and Management,16,11,32,936
359,1,Structural Biology,1,1,3,4
360,1,"Surfaces, Coatings and Films",2,2,2,1
361,1,Surgery,104,65,357,15421
362,1,Toxicology,1,1,4,61
363,1,Transplantation,9,4,20,714
364,1,Urban Studies,1,0,2,2
365,1,Urology,11,5,24,651
366,1,Virology,18,17,146,12552
367,1,Water Science and Technology,4,1,4,43
368,2,Accounting,21,13,41,1459
369,2,Aerospace Engineering,0,0,3,11
370,2,Aging,9,11,44,2163
371,2,Agronomy and Crop Science,0,0,2,12
372,2,Anesthesiology and Pain Medicine,4,2,7,150
373,2,Anthropology,7,5,7,196
374,2,Applied Mathematics,7,4,7,86
375,2,Applied Microbiology and Biotechnology,7,4,10,269
376,2,Applied Psychology,5,0,11,305
377,2,Archeology,6,6,10,37
378,2,Artificial Intelligence,16,10,58,1703
379,2,Astronomy and Astrophysics,6,5,11,239
380,2,Atmospheric Science,5,0,12,422
381,2,"Atomic and Molecular Physics, and Optics",12,8,81,4535
382,2,Automotive Engineering,2,1,5,71
383,2,Behavioral Neuroscience,22,6,77,8273
384,2,Biochemistry,27,13,137,11404
385,2,Biological Psychiatry,17,6,56,15594
386,2,Biomaterials,12,10,88,10825
387,2,Biomedical Engineering,18,9,83,2185
388,2,Biophysics,8,3,38,3505
389,2,Biotechnology,3,2,14,389
390,2,Building and Construction,1,0,1,0
391,2,Business and International Management,1,1,1,906
392,2,Cancer Research,25,28,232,15583
393,2,Cardiology and Cardiovascular Medicine,106,62,529,46606
394,2,Catalysis,0,0,1,49
395,2,Cell Biology,34,14,153,5494
396,2,Cellular and Molecular Neuroscience,56,31,294,26961
397,2,Civil and Structural Engineering,1,1,1,0
398,2,Classics,5,3,5,21
399,2,Clinical Biochemistry,11,7,34,1417
400,2,Clinical Psychology,64,26,260,24383
401,2,Cognitive Neuroscience,82,50,240,27860
402,2,Communication,6,6,16,361
403,2,Complementary and Manual Therapy,2,2,2,56
404,2,Complementary and alternative medicine,1,2,42,2117
405,2,Computational Mechanics,2,1,8,174
406,2,Computational Theory and Mathematics,7,5,30,632
407,2,Computer Networks and Communications,1,1,9,38
408,2,Computer Science Applications,0,0,5,222
409,2,Computer Vision and Pattern Recognition,11,2,23,808
410,2,Condensed Matter Physics,5,1,5,60
411,2,Conservation,1,1,1,0
412,2,Control and Systems Engineering,2,1,2,2
413,2,Critical Care and Intensive Care Medicine,11,4,29,2649
414,2,Cultural Studies,4,4,5,398
415,2,Demography,2,1,6,165
416,2,Dermatology,11,10,39,908
417,2,Development,3,2,3,26
418,2,Developmental Biology,3,1,6,254
419,2,Developmental Neuroscience,4,3,26,1357
420,2,Developmental and Educational Psychology,36,16,61,4309
421,2,Discrete Mathematics and Combinatorics,7,5,32,679
422,2,Earth-Surface Processes,1,1,2,26
423,2,Ecological Modeling,1,1,1,0
424,2,Ecology,10,8,29,1745
425,2,"Ecology, Evolution, Behavior and Systematics",7,1,15,445
426,2,Economics and Econometrics,65,30,141,2670
427,2,Education,14,10,24,854
428,2,Electrical and Electronic Engineering,6,2,21,817
429,2,Electrochemistry,0,0,3,91
430,2,"Electronic, Optical and Magnetic Materials",3,1,10,850
431,2,Emergency Medical Services,11,3,28,1148
432,2,Emergency Medicine,32,17,100,6628
433,2,Endocrine and Autonomic Systems,10,5,40,2558
434,2,Endocrinology,9,7,28,1131
435,2,"Endocrinology, Diabetes and Metabolism",59,26,219,23691
436,2,Environmental Chemistry,4,0,19,3119
437,2,Environmental Engineering,0,0,5,274
438,2,Epidemiology,153,82,717,52516
439,2,Experimental and Cognitive Psychology,29,14,58,4171
440,2,Family Practice,1,0,9,443
441,2,Finance,23,10,38,3483
442,2,Food Science,4,3,18,622
443,2,Gastroenterology,7,4,41,1477
444,2,Gender Studies,18,7,35,1383
445,2,General Agricultural and Biological Sciences,1,1,1,0
446,2,General Decision Sciences,4,3,9,265
447,2,"General Economics, Econometrics and Finance",7,6,18,1471
448,2,General Health Professions,90,32,261,10186
449,2,General Psychology,6,5,6,435
450,2,Genetics,111,90,544,36709
451,2,Geochemistry and Petrology,0,0,1,10
452,2,"Geography, Planning and Development",3,2,3,0
453,2,Geometry and Topology,6,4,11,174
454,2,Geriatrics and Gerontology,1,1,6,219
455,2,Global and Planetary Change,4,2,8,652
456,2,Health,36,13,96,6644
457,2,Health Information Management,3,1,10,657
458,2,"Health, Toxicology and Mutagenesis",22,6,108,5156
459,2,Hematology,112,108,605,20953
460,2,Hepatology,15,6,102,4558
461,2,History,30,25,33,27
462,2,History and Philosophy of Science,5,2,6,103
463,2,Human-Computer Interaction,1,0,6,111
464,2,Immunology,82,61,495,52002
465,2,Immunology and Allergy,6,3,40,952
466,2,Industrial and Manufacturing Engineering,1,1,1,0
467,2,Infectious Diseases,94,43,314,20454
468,2,Information Systems,13,2,38,1223
469,2,Information Systems and Management,2,1,15,65
470,2,Inorganic Chemistry,2,1,17,732
471,2,Insect Science,6,2,13,707
472,2,Internal Medicine,0,0,4,79
473,2,Language and Linguistics,3,3,3,25
474,2,Law,40,35,48,1826
475,2,Life-span and Life-course Studies,1,1,1,0
476,2,Linguistics and Language,0,1,1,35
477,2,Literature and Literary Theory,5,4,9,232
478,2,Management Information Systems,5,0,11,1294
479,2,Management Science and Operations Research,9,3,14,350
480,2,Management of Technology and Innovation,8,7,13,143
481,2,"Management, Monitoring, Policy and Law",2,0,3,25
482,2,Marketing,11,8,20,1959
483,2,Materials Chemistry,20,7,135,17038
484,2,Mathematical Physics,5,4,8,854
485,2,Mechanical Engineering,2,0,6,30
486,2,Mechanics of Materials,1,0,1,33
487,2,Medical Laboratory Technology,0,0,3,0
488,2,Microbiology,25,12,95,4643
489,2,Modeling and Simulation,0,1,4,216
490,2,Molecular Biology,285,182,1473,96195
491,2,Molecular Medicine,3,1,29,1406
492,2,Museology,1,1,1,0
493,2,Music,0,0,1,173
494,2,Nature and Landscape Conservation,4,2,5,78
495,2,Nephrology,29,11,74,4689
496,2,Neurology,111,69,435,35765
497,2,Neuropsychology and Physiological Psychology,3,1,3,13
498,2,Nuclear and High Energy Physics,1,1,1,0
499,2,Nutrition and Dietetics,31,23,165,8395
500,2,Obstetrics and Gynecology,8,3,26,310
501,2,Occupational Therapy,4,3,6,140
502,2,Ocean Engineering,1,0,2,74
503,2,Oncology,72,42,404,18332
504,2,Ophthalmology,23,17,149,3609
505,2,Oral Surgery,0,0,2,74
506,2,Organic Chemistry,26,16,122,8260
507,2,Organizational Behavior and Human Resource Management,9,4,27,1573
508,2,Orthopedics and Sports Medicine,6,0,11,348
509,2,Otorhinolaryngology,21,6,85,2651
510,2,Paleontology,1,1,1,38
511,2,Parasitology,5,6,26,1268
512,2,Pathology and Forensic Medicine,43,44,290,14934
513,2,"Pediatrics, Perinatology and Child Health",75,34,260,17723
514,2,Periodontics,1,2,5,96
515,2,Pharmaceutical Science,3,7,32,5151
516,2,Pharmacology,34,27,101,4689
517,2,Pharmacy,6,3,11,226
518,2,Philosophy,23,17,29,96
519,2,"Physical Therapy, Sports Therapy and Rehabilitation",1,0,6,402
520,2,Physical and Theoretical Chemistry,7,5,14,40
521,2,Physiology,70,26,279,21051
522,2,Plant Science,7,4,36,3576
523,2,Political Science and International Relations,79,67,90,2332
524,2,Pollution,1,1,2,68
525,2,Polymers and Plastics,0,0,2,450
526,2,Psychiatry and Mental health,72,38,219,13854
527,2,Public Administration,2,2,3,26
528,2,"Public Health, Environmental and Occupational Health",99,54,343,19839
529,2,Pulmonary and Respiratory Medicine,107,40,531,28486
530,2,Radiation,15,4,56,1464
531,2,Radiological and Ultrasound Technology,1,0,4,87
532,2,"Radiology, Nuclear Medicine and Imaging",91,47,397,14187
533,2,Rehabilitation,6,3,38,2231
534,2,Religious studies,21,14,24,168
535,2,"Renewable Energy, Sustainability and the Environment",5,0,19,6919
536,2,Reproductive Medicine,7,3,38,1415
537,2,Rheumatology,14,6,78,2708
538,2,Safety Research,8,3,28,597
539,2,Sensory Systems,12,12,23,672
540,2,Signal Processing,2,1,2,38
541,2,Small Animals,4,1,14,389
542,2,Social Psychology,57,34,168,21405
543,2,Sociology and Political Science,94,65,162,7943
544,2,Space and Planetary Science,1,1,1,4
545,2,Spectroscopy,5,1,37,987
546,2,Speech and Hearing,2,1,8,158
547,2,Statistical and Nonlinear Physics,9,3,12,80
548,2,Statistics and Probability,16,8,55,1398
549,2,"Statistics, Probability and Uncertainty",5,4,12,77
550,2,Strategy and Management,12,11,20,1522
551,2,Structural Biology,1,0,1,10
552,2,"Surfaces, Coatings and Films",0,0,1,24
553,2,Surgery,143,75,548,21511
554,2,Theoretical Computer Science,1,1,1,0
555,2,"Tourism, Leisure and Hospitality Management",4,1,4,361
556,2,Toxicology,1,2,14,507
557,2,Transplantation,12,7,45,3709
558,2,Transportation,3,1,6,363
559,2,Urban Studies,2,2,3,83
560,2,Urology,6,3,26,1300
561,2,Virology,34,36,223,16808
562,2,Visual Arts and Performing Arts,3,3,3,4
563,2,Water Science and Technology,0,0,2,235
564,3,Accounting,19,12,35,2586
565,3,Aerospace Engineering,1,1,3,40
566,3,Aging,9,7,41,1070
567,3,Agronomy and Crop Science,3,3,9,222
568,3,Algebra and Number Theory,0,0,1,21
569,3,Analytical Chemistry,0,0,5,60
570,3,Anatomy,1,1,1,0
571,3,Anesthesiology and Pain Medicine,10,7,27,365
572,3,Anthropology,11,11,12,278
573,3,Applied Mathematics,0,0,5,33
574,3,Applied Microbiology and Biotechnology,1,0,4,428
575,3,Applied Psychology,3,1,19,388
576,3,Archeology,9,6,9,25
577,3,Artificial Intelligence,11,8,73,2121
578,3,Astronomy and Astrophysics,1,1,8,323
579,3,Atmospheric Science,2,1,21,794
580,3,"Atomic and Molecular Physics, and Optics",24,11,141,4413
581,3,Automotive Engineering,2,0,3,136
582,3,Behavioral Neuroscience,27,13,155,14005
583,3,Biochemistry,15,9,131,6610
584,3,Bioengineering,0,0,4,200
585,3,Biological Psychiatry,16,5,88,19603
586,3,Biomaterials,7,7,72,3344
587,3,Biomedical Engineering,31,20,204,4130
588,3,Biophysics,4,0,27,1098
589,3,Biotechnology,3,0,19,477
590,3,Business and International Management,0,0,1,14
591,3,Cancer Research,46,20,405,19670
592,3,Cardiology and Cardiovascular Medicine,165,74,1135,46266
593,3,Catalysis,1,0,1,0
594,3,Cell Biology,25,16,149,6736
595,3,Cellular and Molecular Neuroscience,70,49,448,17150
596,3,Chemical Health and Safety,1,1,1,0
597,3,Clinical Biochemistry,13,12,63,1875
598,3,Clinical Psychology,71,23,317,21584
599,3,Cognitive Neuroscience,101,57,359,30453
600,3,Communication,5,2,10,260
601,3,Complementary and Manual Therapy,1,1,3,204
602,3,Complementary and alternative medicine,4,6,29,1124
603,3,Computational Mathematics,0,0,2,92
604,3,Computational Mechanics,2,0,13,320
605,3,Computational Theory and Mathematics,3,4,28,304
606,3,Computer Networks and Communications,2,2,25,195
607,3,Computer Science Applications,0,0,7,606
608,3,Computer Vision and Pattern Recognition,4,1,27,563
609,3,Condensed Matter Physics,6,3,7,123
610,3,Critical Care and Intensive Care Medicine,9,7,46,6079
611,3,Cultural Studies,7,6,8,182
612,3,Demography,7,5,9,60
613,3,Dermatology,12,10,57,1748
614,3,Development,1,1,2,137
615,3,Developmental Biology,5,9,22,607
616,3,Developmental Neuroscience,5,5,31,2170
617,3,Developmental and Educational Psychology,29,13,62,1873
618,3,Discrete Mathematics and Combinatorics,6,1,25,382
619,3,Earth-Surface Processes,0,0,1,0
620,3,Ecology,6,8,43,1712
621,3,"Ecology, Evolution, Behavior and Systematics",3,3,26,2357
622,3,Economics and Econometrics,84,45,200,4654
623,3,Education,11,7,26,382
624,3,Electrical and Electronic Engineering,3,1,14,366
625,3,Electrochemistry,0,1,4,92
626,3,"Electronic, Optical and Magnetic Materials",4,3,8,72
627,3,Emergency Medical Services,22,8,80,3109
628,3,Emergency Medicine,32,26,208,8819
629,3,Endocrine and Autonomic Systems,17,6,75,1575
630,3,Endocrinology,12,4,33,768
631,3,"Endocrinology, Diabetes and Metabolism",61,27,330,17826
632,3,Environmental Chemistry,5,2,31,2252
633,3,Environmental Engineering,4,3,10,314
634,3,Epidemiology,251,138,1462,58975
635,3,Experimental and Cognitive Psychology,22,8,87,4441
636,3,Family Practice,9,2,26,688
637,3,Finance,23,10,53,2213
638,3,Food Science,7,4,35,1403
639,3,Forestry,0,0,1,58
640,3,Gastroenterology,13,7,74,2037
641,3,Gender Studies,14,7,21,404
642,3,General Agricultural and Biological Sciences,1,1,2,34
643,3,General Decision Sciences,3,3,9,255
644,3,General Dentistry,1,1,1,0
645,3,"General Economics, Econometrics and Finance",10,8,24,317
646,3,General Health Professions,113,49,397,9690
647,3,General Psychology,4,3,4,233
648,3,General Social Sciences,2,2,4,117
649,3,Genetics,140,117,838,51671
650,3,"Geography, Planning and Development",1,0,1,3
651,3,Geometry and Topology,6,3,19,136
652,3,Geophysics,1,1,3,103
653,3,Geriatrics and Gerontology,12,7,60,848
654,3,Global and Planetary Change,6,4,23,1296
655,3,Hardware and Architecture,0,0,3,88
656,3,Health,43,22,181,7085
657,3,Health Information Management,2,0,18,235
658,3,"Health, Toxicology and Mutagenesis",35,24,163,8172
659,3,Hematology,133,107,924,30587
660,3,Hepatology,29,11,196,17917
661,3,History,15,14,18,50
662,3,History and Philosophy of Science,9,7,9,106
663,3,Human-Computer Interaction,1,1,5,228
664,3,Immunology,108,76,637,32061
665,3,Immunology and Allergy,11,9,44,1072
666,3,Industrial and Manufacturing Engineering,1,1,1,0
667,3,Infectious Diseases,134,87,747,34646
668,3,Information Systems,5,0,21,704
669,3,Information Systems and Management,6,4,11,112
670,3,Inorganic Chemistry,5,3,23,279
671,3,Insect Science,4,2,20,789
672,3,Internal Medicine,4,3,38,575
673,3,Language and Linguistics,5,4,7,1
674,3,Law,39,29,57,1015
675,3,Leadership and Management,0,0,2,42
676,3,Literature and Literary Theory,7,6,8,82
677,3,Management Information Systems,6,0,12,2553
678,3,Management Science and Operations Research,7,5,22,192
679,3,Management of Technology and Innovation,2,2,7,32
680,3,"Management, Monitoring, Policy and Law",5,3,7,167
681,3,Marketing,13,2,21,564
682,3,Materials Chemistry,9,12,174,14985
683,3,Mathematical Physics,5,3,15,253
684,3,Mechanical Engineering,2,0,9,128
685,3,Mechanics of Materials,0,0,2,0
686,3,Media Technology,3,1,6,0
687,3,Medical Laboratory Technology,1,0,1,0
688,3,Microbiology,11,14,99,4523
689,3,Modeling and Simulation,3,0,12,722
690,3,Molecular Biology,362,276,2338,130348
691,3,Molecular Medicine,13,6,78,5146
692,3,Museology,3,3,3,2
693,3,Music,1,1,2,1
694,3,Nature and Landscape Conservation,2,2,5,106
695,3,Nephrology,37,25,139,7729
696,3,Neurology,121,85,683,42939
697,3,Numerical Analysis,1,0,3,35
698,3,Nutrition and Dietetics,56,35,258,22410
699,3,Obstetrics and Gynecology,10,5,74,2982
700,3,Occupational Therapy,2,2,8,134
701,3,Ocean Engineering,1,0,2,12
702,3,Oceanography,1,1,2,53
703,3,Oncology,115,59,862,28957
704,3,Ophthalmology,41,13,271,7688
705,3,Oral Surgery,0,0,11,269
706,3,Organic Chemistry,35,16,168,8199
707,3,Organizational Behavior and Human Resource Management,12,11,44,1252
708,3,Orthopedics and Sports Medicine,10,3,22,517
709,3,Otorhinolaryngology,37,21,261,8489
710,3,Paleontology,3,0,5,55
711,3,Parasitology,16,13,77,3415
712,3,Pathology and Forensic Medicine,78,63,541,17396
713,3,"Pediatrics, Perinatology and Child Health",97,59,438,21026
714,3,Periodontics,1,0,11,362
715,3,Pharmaceutical Science,1,1,26,1441
716,3,Pharmacology,38,17,173,9430
717,3,Pharmacy,9,6,33,1029
718,3,Philosophy,14,13,19,187
719,3,"Physical Therapy, Sports Therapy and Rehabilitation",7,3,12,817
720,3,Physical and Theoretical Chemistry,2,1,10,100
721,3,Physiology,86,67,546,26167
722,3,Plant Science,21,8,97,5324
723,3,Political Science and International Relations,87,79,103,586
724,3,Pollution,1,0,10,340
725,3,Polymers and Plastics,0,0,1,75
726,3,Process Chemistry and Technology,0,0,1,89
727,3,Psychiatry and Mental health,76,42,260,15329
728,3,Public Administration,2,2,2,1
729,3,"Public Health, Environmental and Occupational Health",160,96,686,37879
730,3,Pulmonary and Respiratory Medicine,171,70,1208,34670
731,3,Radiation,26,4,110,1108
732,3,Radiological and Ultrasound Technology,3,2,6,95
733,3,"Radiology, Nuclear Medicine and Imaging",126,51,700,16509
734,3,Rehabilitation,10,2,67,1709
735,3,Religious studies,21,21,27,180
736,3,"Renewable Energy, Sustainability and the Environment",2,3,29,1477
737,3,Reproductive Medicine,12,10,55,1452
738,3,Rheumatology,26,15,164,5698
739,3,Safety Research,14,8,37,1023
740,3,"Safety, Risk, Reliability and Quality",1,1,1,8
741,3,Sensory Systems,7,8,39,4165
742,3,Signal Processing,1,0,6,100
743,3,Small Animals,4,2,13,131
744,3,Social Psychology,71,38,244,16554
745,3,Sociology and Political Science,96,73,195,3669
746,3,Soil Science,1,1,1,0
747,3,Space and Planetary Science,1,1,1,0
748,3,Spectroscopy,2,2,28,943
749,3,Speech and Hearing,8,3,31,726
750,3,Statistical and Nonlinear Physics,8,5,15,380
751,3,Statistics and Probability,29,15,91,1503
752,3,"Statistics, Probability and Uncertainty",7,6,22,255
753,3,Strategy and Management,16,11,31,614
754,3,Structural Biology,2,0,9,40
755,3,"Surfaces, Coatings and Films",1,0,2,17
756,3,Surgery,180,111,1121,39140
757,3,"Tourism, Leisure and Hospitality Management",1,0,2,173
758,3,Toxicology,3,1,8,139
759,3,Transplantation,20,9,96,4195
760,3,Transportation,3,4,7,315
761,3,Urban Studies,3,2,5,110
762,3,Urology,7,3,21,635
763,3,Virology,42,41,344,14083
764,3,Visual Arts and Performing Arts,2,2,2,70
765,3,Water Science and Technology,1,0,2,126
766,4,Accounting,19,10,34,405
767,4,Aerospace Engineering,2,0,3,0
768,4,Aging,10,8,57,2697
769,4,Agronomy and Crop Science,0,0,2,51
770,4,Algebra and Number Theory,2,2,2,0
771,4,Analytical Chemistry,1,1,12,254
772,4,Anatomy,2,0,3,12
773,4,Anesthesiology and Pain Medicine,24,7,86,2011
774,4,Animal Science and Zoology,1,1,6,135
775,4,Anthropology,14,12,16,50
776,4,Applied Mathematics,2,2,2,44
777,4,Applied Microbiology and Biotechnology,2,1,18,284
778,4,Applied Psychology,6,4,14,139
779,4,Aquatic Science,2,2,3,26
780,4,Archeology,8,7,9,9
781,4,Artificial Intelligence,57,17,148,2997
782,4,Astronomy and Astrophysics,6,5,15,302
783,4,Atmospheric Science,6,6,29,1639
784,4,"Atomic and Molecular Physics, and Optics",30,19,123,4630
785,4,Automotive Engineering,6,3,14,255
786,4,Behavioral Neuroscience,37,33,209,8712
787,4,Biochemistry,20,14,126,6170
788,4,Bioengineering,0,0,1,2
789,4,Biological Psychiatry,31,14,106,15635
790,4,Biomaterials,11,12,93,6333
791,4,Biomedical Engineering,68,43,392,10802
792,4,Biophysics,6,3,35,1140
793,4,Biotechnology,3,0,26,420
794,4,Building and Construction,1,0,2,84
795,4,Business and International Management,0,0,2,72
796,4,Cancer Research,62,47,576,24387
797,4,Cardiology and Cardiovascular Medicine,293,224,1904,69729
798,4,Catalysis,0,0,3,92
799,4,Cell Biology,32,35,214,7557
800,4,Cellular and Molecular Neuroscience,92,116,518,19346
801,4,Chemical Health and Safety,0,0,1,0
802,4,Civil and Structural Engineering,3,0,3,0
803,4,Classics,1,1,1,0
804,4,Clinical Biochemistry,17,16,86,1914
805,4,Clinical Psychology,104,92,552,20784
806,4,Cognitive Neuroscience,155,101,547,21865
807,4,Communication,5,3,8,877
808,4,Complementary and Manual Therapy,4,3,12,154
809,4,Complementary and alternative medicine,8,5,41,932
810,4,Computational Mathematics,1,0,6,61
811,4,Computational Mechanics,9,5,25,197
812,4,Computational Theory and Mathematics,15,8,53,812
813,4,Computer Graphics and Computer-Aided Design,2,1,2,0
814,4,Computer Networks and Communications,8,1,20,82
815,4,Computer Science Applications,2,3,14,342
816,4,Computer Vision and Pattern Recognition,14,4,53,436
817,4,Condensed Matter Physics,0,0,5,19
818,4,Conservation,1,1,1,0
819,4,Control and Systems Engineering,12,3,13,0
820,4,Critical Care and Intensive Care Medicine,25,19,109,2443
821,4,Cultural Studies,10,9,10,8
822,4,Demography,8,3,12,61
823,4,Dermatology,20,24,101,2605
824,4,Developmental Biology,9,5,29,587
825,4,Developmental Neuroscience,11,10,54,1858
826,4,Developmental and Educational Psychology,51,43,127,3884
827,4,Discrete Mathematics and Combinatorics,4,7,26,145
828,4,Ecological Modeling,2,1,5,99
829,4,Ecology,9,7,40,1354
830,4,"Ecology, Evolution, Behavior and Systematics",11,10,42,1845
831,4,Economics and Econometrics,98,71,293,6353
832,4,Education,30,22,65,863
833,4,Electrical and Electronic Engineering,26,2,57,1181
834,4,Electrochemistry,4,0,5,4
835,4,"Electronic, Optical and Magnetic Materials",3,2,8,2117
836,4,Emergency Medical Services,20,21,97,1409
837,4,Emergency Medicine,49,35,274,8054
838,4,Endocrine and Autonomic Systems,3,2,32,368
839,4,Endocrinology,4,1,30,918
840,4,"Endocrinology, Diabetes and Metabolism",72,72,494,22746
841,4,Environmental Chemistry,6,5,43,2060
842,4,Environmental Engineering,0,0,1,0
843,4,Epidemiology,310,258,2236,115256
844,4,Experimental and Cognitive Psychology,24,17,92,3903
845,4,Family Practice,8,6,23,364
846,4,Finance,24,10,68,1838
847,4,Food Science,12,12,60,3225
848,4,Gastroenterology,15,24,114,3728
849,4,Gender Studies,23,20,69,1835
850,4,General Agricultural and Biological Sciences,2,1,6,6
851,4,General Arts and Humanities,1,1,1,1
852,4,General Decision Sciences,1,0,5,112
853,4,"General Economics, Econometrics and Finance",4,4,20,1431
854,4,General Health Professions,120,87,599,10130
855,4,General Psychology,4,4,6,44
856,4,Genetics,247,230,1357,69846
857,4,Geochemistry and Petrology,1,0,1,0
858,4,"Geography, Planning and Development",4,1,9,29
859,4,Geology,2,0,5,2
860,4,Geometry and Topology,8,3,34,562
861,4,Geriatrics and Gerontology,11,14,72,5126
862,4,Global and Planetary Change,6,13,28,1808
863,4,Hardware and Architecture,1,0,1,0
864,4,Health,70,50,294,13620
865,4,Health Information Management,13,7,47,632
866,4,"Health, Toxicology and Mutagenesis",45,38,284,26277
867,4,Hematology,159,135,1087,34574
868,4,Hepatology,31,20,199,6634
869,4,History,32,32,37,32
870,4,History and Philosophy of Science,4,4,7,56
871,4,Human-Computer Interaction,1,0,5,0
872,4,Immunology,132,132,785,33899
873,4,Immunology and Allergy,10,7,67,1764
874,4,Industrial and Manufacturing Engineering,4,2,6,31
875,4,Infectious Diseases,195,182,1190,44706
876,4,Information Systems,2,4,19,368
877,4,Information Systems and Management,4,3,11,77
878,4,Inorganic Chemistry,1,0,26,1043
879,4,Insect Science,5,7,33,2005
880,4,Instrumentation,1,0,1,0
881,4,Internal Medicine,11,8,70,1763
882,4,"Issues, ethics and legal aspects",4,4,5,45
883,4,Language and Linguistics,4,2,5,24
884,4,Law,30,24,42,560
885,4,Linguistics and Language,1,1,1,1
886,4,Literature and Literary Theory,14,12,16,209
887,4,Management Information Systems,5,4,10,113
888,4,Management Science and Operations Research,15,3,34,289
889,4,Management of Technology and Innovation,10,8,17,29
890,4,"Management, Monitoring, Policy and Law",6,4,19,426
891,4,Marketing,16,14,32,536
892,4,Materials Chemistry,15,24,147,7758
893,4,Mathematical Physics,9,7,12,58
894,4,Mechanical Engineering,7,1,7,9
895,4,Mechanics of Materials,4,1,5,18
896,4,Media Technology,1,0,2,3
897,4,Medical Laboratory Technology,1,1,5,54
898,4,Microbiology,20,16,157,5359
899,4,Modeling and Simulation,5,3,15,114
900,4,Molecular Biology,393,393,2712,128030
901,4,Molecular Medicine,12,6,85,4084
902,4,Museology,3,2,3,0
903,4,Music,6,4,7,3
904,4,Nature and Landscape Conservation,3,0,8,336
905,4,Nephrology,33,27,149,7257
906,4,Neurology,189,139,1094,51571
907,4,Neuropsychology and Physiological Psychology,4,2,9,49
908,4,Nuclear and High Energy Physics,0,0,1,0
909,4,Numerical Analysis,3,1,3,19
910,4,Nutrition and Dietetics,81,73,516,18865
911,4,Obstetrics and Gynecology,18,12,132,2414
912,4,Occupational Therapy,3,3,9,98
913,4,Ocean Engineering,3,1,4,91
914,4,Oceanography,1,0,4,185
915,4,Oncology,201,162,1428,85822
916,4,Ophthalmology,50,31,283,6860
917,4,Oral Surgery,1,0,6,55
918,4,Organic Chemistry,27,23,133,7861
919,4,Organizational Behavior and Human Resource Management,14,11,52,824
920,4,Orthopedics and Sports Medicine,15,12,59,1441
921,4,Otorhinolaryngology,31,25,253,10584
922,4,Paleontology,3,1,5,41
923,4,Parasitology,8,10,68,2303
924,4,Pathology and Forensic Medicine,90,104,703,19273
925,4,"Pediatrics, Perinatology and Child Health",127,115,666,21447
926,4,Periodontics,1,1,12,665
927,4,Pharmaceutical Science,5,6,44,4418
928,4,Pharmacology,41,26,182,8345
929,4,Pharmacy,11,11,52,2094
930,4,Philosophy,16,15,24,711
931,4,"Physical Therapy, Sports Therapy and Rehabilitation",4,6,14,398
932,4,Physical and Theoretical Chemistry,3,0,11,91
933,4,Physiology,138,111,831,29911
934,4,Plant Science,16,20,91,5113
935,4,Political Science and International Relations,125,116,132,2071
936,4,Pollution,5,4,15,215
937,4,Polymers and Plastics,1,2,3,16
938,4,Psychiatry and Mental health,91,72,429,28356
939,4,Public Administration,5,3,6,22
940,4,"Public Health, Environmental and Occupational Health",239,185,1205,52734
941,4,Pulmonary and Respiratory Medicine,271,170,2106,68819
942,4,Radiation,14,12,68,861
943,4,Radiological and Ultrasound Technology,1,1,7,62
944,4,"Radiology, Nuclear Medicine and Imaging",172,96,930,21978
945,4,Rehabilitation,16,11,96,4349
946,4,Religious studies,21,21,21,59
947,4,"Renewable Energy, Sustainability and the Environment",3,2,24,1058
948,4,Reproductive Medicine,19,10,77,1700
949,4,Rheumatology,42,49,239,6166
950,4,Safety Research,5,2,20,344
951,4,"Safety, Risk, Reliability and Quality",1,0,3,6
952,4,Sensory Systems,10,10,50,1352
953,4,Signal Processing,5,0,21,184
954,4,Small Animals,5,2,14,340
955,4,Social Psychology,90,78,353,23140
956,4,Sociology and Political Science,138,121,278,11721
957,4,Soil Science,0,0,1,35
958,4,Spectroscopy,4,4,24,454
959,4,Speech and Hearing,15,11,48,1030
960,4,Statistical and Nonlinear Physics,13,7,27,719
961,4,Statistics and Probability,50,41,131,1597
962,4,"Statistics, Probability and Uncertainty",19,18,41,1078
963,4,Strategy and Management,14,10,23,331
964,4,Structural Biology,3,3,17,837
965,4,"Surfaces, Coatings and Films",3,0,4,0
966,4,Surgery,296,243,1910,48732
967,4,"Tourism, Leisure and Hospitality Management",1,1,2,94
968,4,Toxicology,1,1,8,121
969,4,Transplantation,21,14,140,6467
970,4,Transportation,4,1,11,674
971,4,Urban Studies,1,1,2,27
972,4,Urology,8,3,34,726
973,4,Virology,48,66,488,27466
974,4,Visual Arts and Performing Arts,5,5,5,24
975,4,Water Science and Technology,1,3,6,81
976,5,Accounting,16,11,43,1060
977,5,Acoustics and Ultrasonics,1,0,6,36
978,5,Aerospace Engineering,2,1,3,4
979,5,Aging,13,15,63,484
980,5,Agronomy and Crop Science,0,1,5,22
981,5,Algebra and Number Theory,1,1,3,0
982,5,Analytical Chemistry,3,1,17,174
983,5,Anatomy,2,0,10,20
984,5,Anesthesiology and Pain Medicine,33,23,126,1234
985,5,Animal Science and Zoology,1,1,3,132
986,5,Anthropology,19,18,24,616
987,5,Applied Mathematics,1,1,1,3
988,5,Applied Microbiology and Biotechnology,9,6,42,674
989,5,Applied Psychology,10,10,42,977
990,5,Aquatic Science,0,0,2,36
991,5,Archeology,13,13,13,39
992,5,Artificial Intelligence,86,29,473,11064
993,5,Astronomy and Astrophysics,2,2,7,28
994,5,Atmospheric Science,5,10,42,673
995,5,"Atomic and Molecular Physics, and Optics",30,35,198,4680
996,5,Automotive Engineering,1,2,3,42
997,5,Behavioral Neuroscience,39,45,265,5148
998,5,Biochemistry,21,17,129,2514
999,5,Biological Psychiatry,41,26,267,10395
1000,5,Biomaterials,12,24,93,2313
1001,5,Biomedical Engineering,105,110,731,14652
1002,5,Biophysics,8,6,49,1698
1003,5,Biotechnology,10,8,56,164
1004,5,Building and Construction,3,3,3,30
1005,5,Business and International Management,0,0,7,126
1006,5,Cancer Research,81,61,663,10770
1007,5,Cardiology and Cardiovascular Medicine,476,289,3183,62315
1008,5,Catalysis,1,0,4,15
1009,5,Cell Biology,40,43,273,6149
1010,5,Cellular and Molecular Neuroscience,99,117,676,16452
1011,5,Chemical Health and Safety,1,1,2,0
1012,5,Civil and Structural Engineering,0,1,2,5
1013,5,Classics,5,5,5,34
1014,5,Clinical Biochemistry,18,15,121,2315
1015,5,Clinical Psychology,138,140,770,26577
1016,5,Cognitive Neuroscience,206,212,1174,27824
1017,5,Communication,8,7,25,234
1018,5,Complementary and Manual Therapy,2,3,16,196
1019,5,Complementary and alternative medicine,9,6,49,755
1020,5,Computational Mathematics,6,0,31,430
1021,5,Computational Mechanics,7,2,36,292
1022,5,Computational Theory and Mathematics,12,11,60,507
1023,5,Computer Graphics and Computer-Aided Design,2,3,13,0
1024,5,Computer Networks and Communications,11,5,28,113
1025,5,Computer Science Applications,5,2,13,190
1026,5,Computer Vision and Pattern Recognition,17,25,189,9327
1027,5,Condensed Matter Physics,6,2,15,82
1028,5,Conservation,3,3,5,33
1029,5,Control and Systems Engineering,0,0,5,0
1030,5,Critical Care and Intensive Care Medicine,28,26,111,2056
1031,5,Cultural Studies,12,11,18,262
1032,5,Demography,10,7,27,246
1033,5,Dermatology,37,32,209,2642
1034,5,Development,3,3,5,7
1035,5,Developmental Biology,11,5,48,442
1036,5,Developmental Neuroscience,5,6,45,616
1037,5,Developmental and Educational Psychology,47,59,166,2950
1038,5,Discrete Mathematics and Combinatorics,3,2,15,74
1039,5,Ecological Modeling,0,0,2,135
1040,5,Ecology,14,16,66,1669
1041,5,"Ecology, Evolution, Behavior and Systematics",16,18,79,1304
1042,5,Economics and Econometrics,139,102,489,4877
1043,5,Education,31,29,109,1181
1044,5,Electrical and Electronic Engineering,10,15,58,1370
1045,5,Electrochemistry,1,1,3,72
1046,5,"Electronic, Optical and Magnetic Materials",7,10,23,607
1047,5,Emergency Medical Services,39,46,193,1922
1048,5,Emergency Medicine,105,86,555,6925
1049,5,Endocrine and Autonomic Systems,18,10,100,1105
1050,5,Endocrinology,7,5,49,359
1051,5,"Endocrinology, Diabetes and Metabolism",121,111,664,18723
1052,5,Environmental Chemistry,12,14,77,2509
1053,5,Environmental Engineering,3,4,22,626
1054,5,Epidemiology,498,436,3548,85925
1055,5,Experimental and Cognitive Psychology,52,39,236,5293
1056,5,Family Practice,4,6,42,575
1057,5,Finance,36,15,85,2344
1058,5,Food Science,5,15,55,1490
1059,5,Forestry,1,1,1,0
1060,5,Fuel Technology,0,0,1,6
1061,5,Gastroenterology,19,27,199,2684
1062,5,Gender Studies,53,47,181,3022
1063,5,General Agricultural and Biological Sciences,5,3,12,173
1064,5,General Decision Sciences,4,2,13,44
1065,5,General Dentistry,1,1,5,295
1066,5,"General Economics, Econometrics and Finance",14,12,35,333
1067,5,General Health Professions,228,189,930,15248
1068,5,General Psychology,0,0,2,0
1069,5,General Social Sciences,2,1,3,14
1070,5,Genetics,327,345,2121,46784
1071,5,"Geography, Planning and Development",5,4,18,3
1072,5,Geology,0,0,1,146
1073,5,Geometry and Topology,6,11,29,103
1074,5,Geriatrics and Gerontology,24,14,121,1650
1075,5,Global and Planetary Change,4,7,32,1220
1076,5,Hardware and Architecture,0,0,18,41
1077,5,Health,113,112,536,14556
1078,5,Health Informatics,12,9,39,1774
1079,5,Health Information Management,12,9,34,525
1080,5,"Health, Toxicology and Mutagenesis",100,104,692,21361
1081,5,Hematology,170,159,1366,37690
1082,5,Hepatology,53,63,343,4864
1083,5,History,22,20,28,67
1084,5,History and Philosophy of Science,13,11,16,4
1085,5,Human-Computer Interaction,2,2,9,171
1086,5,Immunology,186,181,1353,49605
1087,5,Immunology and Allergy,16,22,103,4073
1088,5,Industrial and Manufacturing Engineering,3,2,14,74
1089,5,Infectious Diseases,356,362,2677,149274
1090,5,Information Systems,16,8,93,468
1091,5,Information Systems and Management,9,6,114,102
1092,5,Inorganic Chemistry,2,6,30,757
1093,5,Insect Science,12,19,64,831
1094,5,Instrumentation,0,0,5,0
1095,5,Internal Medicine,16,14,122,1815
1096,5,"Issues, ethics and legal aspects",8,7,15,123
1097,5,Language and Linguistics,3,3,5,0
1098,5,Law,45,36,77,193
1099,5,Leadership and Management,3,2,3,8
1100,5,Linguistics and Language,1,1,4,81
1101,5,Literature and Literary Theory,16,16,29,113
1102,5,Management Information Systems,6,4,29,348
1103,5,Management Science and Operations Research,21,11,64,228
1104,5,Management of Technology and Innovation,8,3,11,8
1105,5,"Management, Monitoring, Policy and Law",7,8,19,85
1106,5,Marketing,20,13,35,2358
1107,5,Materials Chemistry,43,62,208,4204
1108,5,Mathematical Physics,9,9,13,179
1109,5,Mechanical Engineering,3,4,14,487
1110,5,Mechanics of Materials,0,0,4,131
1111,5,Media Technology,1,0,11,76
1112,5,Medical Laboratory Technology,1,0,3,29
1113,5,Microbiology,47,44,283,3496
1114,5,Modeling and Simulation,25,27,130,5567
1115,5,Molecular Biology,612,595,3954,110140
1116,5,Molecular Medicine,27,21,141,6639
1117,5,Museology,3,4,5,97
1118,5,Music,2,2,3,23
1119,5,Nature and Landscape Conservation,4,3,17,121
1120,5,Nephrology,43,39,252,4882
1121,5,Neurology,297,277,1913,50249
1122,5,Neuropsychology and Physiological Psychology,3,3,6,1
1123,5,Numerical Analysis,2,2,2,14
1124,5,Nutrition and Dietetics,108,113,663,18833
1125,5,Obstetrics and Gynecology,45,37,302,7011
1126,5,Occupational Therapy,4,2,13,78
1127,5,Ocean Engineering,1,0,7,22
1128,5,Oceanography,0,0,2,143
1129,5,Oncology,325,299,2647,85082
1130,5,Ophthalmology,77,53,496,7442
1131,5,Oral Surgery,2,3,7,68
1132,5,Organic Chemistry,43,93,251,7344
1133,5,Organizational Behavior and Human Resource Management,9,10,52,674
1134,5,Orthodontics,0,0,1,29
1135,5,Orthopedics and Sports Medicine,26,23,118,1781
1136,5,Otorhinolaryngology,41,45,368,6993
1137,5,Paleontology,0,0,3,13
1138,5,Parasitology,19,33,99,2031
1139,5,Pathology and Forensic Medicine,126,147,846,12639
1140,5,"Pediatrics, Perinatology and Child Health",147,127,923,20474
1141,5,Periodontics,5,6,24,546
1142,5,Pharmaceutical Science,4,5,29,1396
1143,5,Pharmacology,52,49,287,5245
1144,5,Pharmacy,10,10,46,591
1145,5,Philosophy,24,23,40,164
1146,5,"Physical Therapy, Sports Therapy and Rehabilitation",6,11,42,592
1147,5,Physical and Theoretical Chemistry,7,7,18,210
1148,5,Physiology,237,199,1434,46798
1149,5,Plant Science,29,29,153,2430
1150,5,Political Science and International Relations,150,117,249,1296
1151,5,Pollution,12,10,80,2083
1152,5,Polymers and Plastics,1,1,10,9
1153,5,Psychiatry and Mental health,156,156,866,16163
1154,5,Public Administration,2,1,3,60
1155,5,"Public Health, Environmental and Occupational Health",375,346,2078,39467
1156,5,Pulmonary and Respiratory Medicine,381,313,2822,56235
1157,5,Radiation,25,36,302,7256
1158,5,Radiological and Ultrasound Technology,6,3,38,408
1159,5,"Radiology, Nuclear Medicine and Imaging",271,236,1768,32222
1160,5,Rehabilitation,15,19,107,2138
1161,5,Religious studies,40,39,42,41
1162,5,"Renewable Energy, Sustainability and the Environment",8,15,39,934
1163,5,Reproductive Medicine,32,27,147,1277
1164,5,Research and Theory,1,1,1,0
1165,5,Rheumatology,58,56,334,5860
1166,5,Safety Research,15,11,48,1164
1167,5,"Safety, Risk, Reliability and Quality",3,3,14,437
1168,5,Sensory Systems,6,13,42,954
1169,5,Signal Processing,8,4,33,239
1170,5,Small Animals,8,12,36,445
1171,5,Social Psychology,88,87,466,11823
1172,5,Sociology and Political Science,219,191,475,7625
1173,5,Soil Science,9,7,17,490
1174,5,Spectroscopy,12,16,77,1424
1175,5,Speech and Hearing,19,17,96,1114
1176,5,Statistical and Nonlinear Physics,5,3,12,705
1177,5,Statistics and Probability,41,40,138,2494
1178,5,"Statistics, Probability and Uncertainty",25,18,72,1144
1179,5,Strategy and Management,13,6,26,188
1180,5,Structural Biology,0,0,2,14
1181,5,"Surfaces, Coatings and Films",2,2,8,277
1182,5,Surgery,483,353,2795,47989
1183,5,"Tourism, Leisure and Hospitality Management",1,1,2,15
1184,5,Toxicology,2,4,26,376
1185,5,Transplantation,29,31,199,5905
1186,5,Transportation,5,3,7,89
1187,5,Urban Studies,2,2,59,27
1188,5,Urology,13,12,77,1352
1189,5,Virology,69,59,613,20640
1190,5,Visual Arts and Performing Arts,9,8,14,5
1191,5,Water Science and Technology,7,5,18,209
1192,6,Accounting,27,19,77,388
1193,6,Aerospace Engineering,8,0,15,3
1194,6,Aging,27,22,167,675
1195,6,Agronomy and Crop Science,2,4,7,11
1196,6,Algebra and Number Theory,2,0,4,5
1197,6,Analytical Chemistry,8,2,22,67
1198,6,Anatomy,0,1,4,2
1199,6,Anesthesiology and Pain Medicine,41,28,140,307
1200,6,Animal Science and Zoology,2,2,25,371
1201,6,Anthropology,47,40,106,105
1202,6,Applied Mathematics,0,0,5,7
1203,6,Applied Microbiology and Biotechnology,24,13,168,1201
1204,6,Applied Psychology,20,14,68,366
1205,6,Aquatic Science,1,1,1,0
1206,6,Archeology,23,24,27,29
1207,6,Artificial Intelligence,274,105,1038,7246
1208,6,Astronomy and Astrophysics,13,11,27,53
1209,6,Atmospheric Science,3,4,39,284
1210,6,"Atomic and Molecular Physics, and Optics",75,62,309,1792
1211,6,Automotive Engineering,14,4,30,49
1212,6,Behavioral Neuroscience,32,24,267,1425
1213,6,Biochemistry,19,13,155,574
1214,6,Bioengineering,2,0,2,0
1215,6,Biological Psychiatry,46,26,351,4378
1216,6,Biomaterials,10,11,77,892
1217,6,Biomedical Engineering,231,170,1581,9467
1218,6,Biophysics,36,25,159,439
1219,6,Biotechnology,11,15,84,430
1220,6,Building and Construction,5,3,6,56
1221,6,Business and International Management,1,1,4,14
1222,6,Cancer Research,136,77,980,4888
1223,6,Cardiology and Cardiovascular Medicine,696,436,4469,22831
1224,6,Catalysis,1,1,7,0
1225,6,Cell Biology,77,68,454,2955
1226,6,Cellular and Molecular Neuroscience,191,100,1183,8365
1227,6,Civil and Structural Engineering,2,0,12,13
1228,6,Classics,8,8,8,1
1229,6,Clinical Biochemistry,42,36,247,603
1230,6,Clinical Psychology,313,231,1881,12043
1231,6,Cognitive Neuroscience,579,387,2938,17731
1232,6,Communication,15,12,29,63
1233,6,Complementary and Manual Therapy,4,4,10,16
1234,6,Complementary and alternative medicine,23,14,111,479
1235,6,Computational Mathematics,6,5,33,220
1236,6,Computational Mechanics,21,7,49,101
1237,6,Computational Theory and Mathematics,29,11,155,428
1238,6,Computer Graphics and Computer-Aided Design,1,0,1,0
1239,6,Computer Networks and Communications,17,2,49,142
1240,6,Computer Science Applications,11,3,30,157
1241,6,Computer Vision and Pattern Recognition,52,19,276,1420
1242,6,Condensed Matter Physics,16,5,42,122
1243,6,Conservation,5,4,19,46
1244,6,Control and Systems Engineering,20,0,30,48
1245,6,Critical Care and Intensive Care Medicine,55,36,388,1638
1246,6,Cultural Studies,19,16,23,50
1247,6,Demography,20,10,62,145
1248,6,Dermatology,99,55,524,1709
1249,6,Development,1,0,4,25
1250,6,Developmental Biology,21,10,77,331
1251,6,Developmental Neuroscience,25,18,125,633
1252,6,Developmental and Educational Psychology,55,48,203,817
1253,6,Discrete Mathematics and Combinatorics,11,12,38,33
1254,6,Earth-Surface Processes,2,0,7,2
1255,6,Ecological Modeling,0,0,1,40
1256,6,Ecology,36,35,229,1174
1257,6,"Ecology, Evolution, Behavior and Systematics",26,18,96,332
1258,6,Economics and Econometrics,212,134,868,5442
1259,6,Education,66,43,210,283
1260,6,Electrical and Electronic Engineering,58,32,225,861
1261,6,Electrochemistry,5,3,17,70
1262,6,"Electronic, Optical and Magnetic Materials",6,5,22,258
1263,6,Emergency Medical Services,96,56,439,971
1264,6,Emergency Medicine,131,99,885,3033
1265,6,Endocrine and Autonomic Systems,35,20,178,838
1266,6,Endocrinology,18,11,84,378
1267,6,"Endocrinology, Diabetes and Metabolism",238,154,1346,13242
1268,6,Environmental Chemistry,38,29,351,3576
1269,6,Environmental Engineering,14,5,71,428
1270,6,Epidemiology,719,500,5450,37981
1271,6,Experimental and Cognitive Psychology,127,84,625,3117
1272,6,Family Practice,18,11,112,383
1273,6,Finance,42,32,123,993
1274,6,Food Science,20,12,108,1355
1275,6,Gastroenterology,31,22,187,981
1276,6,Gender Studies,137,108,586,2234
1277,6,General Agricultural and Biological Sciences,3,1,10,70
1278,6,General Decision Sciences,1,0,8,75
1279,6,General Dentistry,0,0,1,0
1280,6,"General Economics, Econometrics and Finance",12,9,28,86
1281,6,General Energy,1,1,1,0
1282,6,General Health Professions,420,281,2020,8703
1283,6,General Psychology,1,1,3,5
1284,6,General Social Sciences,4,3,8,40
1285,6,Genetics,588,424,3986,25692
1286,6,Geochemistry and Petrology,1,0,2,19
1287,6,"Geography, Planning and Development",9,3,15,15
1288,6,Geology,1,0,2,0
1289,6,Geometry and Topology,6,5,21,84
1290,6,Geophysics,1,0,53,3
1291,6,Geriatrics and Gerontology,27,17,148,703
1292,6,Global and Planetary Change,19,12,125,630
1293,6,Hardware and Architecture,3,0,8,4
1294,6,Health,248,172,1468,9430
1295,6,Health Informatics,36,22,193,2835
1296,6,Health Information Management,25,10,120,497
1297,6,"Health, Toxicology and Mutagenesis",263,157,1977,21286
1298,6,Hematology,275,158,2261,15325
1299,6,Hepatology,78,72,538,2489
1300,6,History,45,41,55,31
1301,6,History and Philosophy of Science,19,18,30,21
1302,6,Human Factors and Ergonomics,1,0,1,0
1303,6,Human-Computer Interaction,7,3,27,98
1304,6,Immunology,244,164,2032,16705
1305,6,Immunology and Allergy,52,27,261,2562
1306,6,Industrial and Manufacturing Engineering,7,4,32,290
1307,6,Industrial relations,0,0,1,0
1308,6,Infectious Diseases,673,668,6662,142762
1309,6,Information Systems,28,20,119,472
1310,6,Information Systems and Management,11,5,47,150
1311,6,Inorganic Chemistry,14,7,82,307
1312,6,Insect Science,19,16,111,442
1313,6,Internal Medicine,40,16,240,1018
1314,6,"Issues, ethics and legal aspects",9,4,54,25
1315,6,Language and Linguistics,11,8,20,19
1316,6,Law,44,40,73,101
1317,6,Library and Information Sciences,3,5,8,36
1318,6,Life-span and Life-course Studies,1,0,1,1
1319,6,Linguistics and Language,3,2,6,7
1320,6,Literature and Literary Theory,31,26,44,44
1321,6,Management Information Systems,20,13,41,273
1322,6,Management Science and Operations Research,52,28,108,138
1323,6,Management of Technology and Innovation,6,6,32,36
1324,6,"Management, Monitoring, Policy and Law",10,7,39,49
1325,6,Marketing,17,14,51,612
1326,6,Materials Chemistry,83,69,314,2031
1327,6,Mathematical Physics,11,4,19,56
1328,6,Mechanical Engineering,4,0,14,29
1329,6,Mechanics of Materials,13,3,30,54
1330,6,Media Technology,8,1,32,34
1331,6,Medical Laboratory Technology,4,0,15,4
1332,6,Microbiology,53,51,334,1488
1333,6,Modeling and Simulation,69,64,365,4024
1334,6,Molecular Biology,928,693,6355,42675
1335,6,Molecular Medicine,47,41,268,1587
1336,6,Museology,7,4,10,0
1337,6,Music,11,7,14,8
1338,6,Nature and Landscape Conservation,4,1,34,31
1339,6,Nephrology,54,35,361,1936
1340,6,Neurology,458,345,3109,31970
1341,6,Neuropsychology and Physiological Psychology,9,6,27,37
1342,6,Nuclear and High Energy Physics,1,1,5,2
1343,6,Numerical Analysis,2,0,2,6
1344,6,Nutrition and Dietetics,143,135,825,7347
1345,6,Obstetrics and Gynecology,109,79,671,4599
1346,6,Occupational Therapy,4,3,30,54
1347,6,Ocean Engineering,4,0,12,56
1348,6,Oceanography,3,5,6,1
1349,6,Oncology,581,391,4615,36693
1350,6,Ophthalmology,126,113,714,4591
1351,6,Oral Surgery,3,2,8,11
1352,6,Organic Chemistry,60,71,322,3008
1353,6,Organizational Behavior and Human Resource Management,24,18,102,280
1354,6,Orthodontics,0,1,1,0
1355,6,Orthopedics and Sports Medicine,37,33,236,861
1356,6,Otorhinolaryngology,65,55,649,3888
1357,6,Paleontology,1,1,4,0
1358,6,Parasitology,25,26,175,817
1359,6,Pathology and Forensic Medicine,137,85,994,4185
1360,6,"Pediatrics, Perinatology and Child Health",295,207,1674,6970
1361,6,Periodontics,8,11,38,553
1362,6,Pharmaceutical Science,11,14,42,282
1363,6,Pharmacology,116,70,555,4415
1364,6,Pharmacy,28,19,103,279
1365,6,Philosophy,62,59,97,346
1366,6,"Physical Therapy, Sports Therapy and Rehabilitation",16,30,119,552
1367,6,Physical and Theoretical Chemistry,12,8,29,63
1368,6,Physiology,372,274,2673,19270
1369,6,Plant Science,41,23,232,1564
1370,6,Political Science and International Relations,178,144,258,879
1371,6,Pollution,19,8,330,3637
1372,6,Polymers and Plastics,1,1,8,45
1373,6,Process Chemistry and Technology,2,1,7,27
1374,6,Psychiatry and Mental health,268,205,1679,8350
1375,6,Public Administration,3,3,10,66
1376,6,"Public Health, Environmental and Occupational Health",580,439,3476,15808
1377,6,Pulmonary and Respiratory Medicine,752,477,5252,27148
1378,6,Radiation,62,30,532,3509
1379,6,Radiological and Ultrasound Technology,17,9,79,197
1380,6,"Radiology, Nuclear Medicine and Imaging",389,250,2506,9346
1381,6,Rehabilitation,33,27,235,937
1382,6,Religious studies,72,71,86,47
1383,6,"Renewable Energy, Sustainability and the Environment",11,17,81,924
1384,6,Reproductive Medicine,58,30,334,1011
1385,6,Research and Theory,5,3,15,15
1386,6,Rheumatology,122,74,1384,3508
1387,6,Safety Research,41,29,140,342
1388,6,"Safety, Risk, Reliability and Quality",0,0,3,4
1389,6,Sensory Systems,26,19,115,423
1390,6,Signal Processing,24,5,69,165
1391,6,Small Animals,9,2,55,142
1392,6,Social Psychology,211,169,975,8072
1393,6,Sociology and Political Science,399,339,1084,4172
1394,6,Software,1,1,1,0
1395,6,Soil Science,3,3,23,113
1396,6,Spectroscopy,10,11,73,465
1397,6,Speech and Hearing,44,28,217,719
1398,6,Statistical and Nonlinear Physics,27,6,58,186
1399,6,Statistics and Probability,78,61,271,1392
1400,6,"Statistics, Probability and Uncertainty",17,12,52,189
1401,6,Strategy and Management,30,19,64,155
1402,6,Structural Biology,2,1,16,226
1403,6,"Surfaces, Coatings and Films",5,0,10,20
1404,6,Surgery,958,603,5923,51071
1405,6,Toxicology,3,2,15,19
1406,6,Transplantation,52,43,333,1901
1407,6,Transportation,15,9,60,202
1408,6,Urban Studies,8,4,16,20
1409,6,Urology,30,19,108,234
1410,6,Virology,114,130,1052,9678
1411,6,Visual Arts and Performing Arts,13,13,13,8
1412,6,Water Science and Technology,3,1,28,85
